artist,title,danceability,energy,key,loudness,mode,speechiness,acousticness,instrumentalness,liveness,valence,tempo,uri,time_signature
Said the Sky,All I Got,0.325,0.578,2,-6.786,1,0.0455,0.158,0.00479,0.575,0.103,144.745,spotify:track:1iaTDu4PCIWQQOwwwqq5qW,4
Kygo,I'll Wait,0.611,0.651,1,-6.973,1,0.0587,0.148,1.84e-05,0.105,0.357,122.983,spotify:track:6Q3K9gVUZRMZqZKrXovbM2,4
joan,drive all night,0.542,0.758,9,-5.032,1,0.0313,0.000184,5.63e-06,0.144,0.43,156.128,spotify:track:75ZKw8JLaFsYr51J44fQ4N,4
Nightly,Twenty Something,0.641,0.589,5,-6.305,0,0.0275,0.096,9.67e-05,0.208,0.11,100.001,spotify:track:6Wz9rIfo9tOBcVCd1Mo7F7,4
Lauv,Tattoos Together,0.862,0.4,4,-7.486,1,0.0736,0.00575,7.49e-06,0.123,0.596,122.963,spotify:track:1Srt81FTalOhRw7t7l8Yh8,4
TWIN XL,Neon Summer,0.398,0.785,10,-4.853,1,0.0424,0.00129,0.0,0.109,0.688,75.023,spotify:track:4NjW9Srshx2xuTdEoUnf9C,4
TWIN XL,"Don't Wake Me, I'm Still Dreaming",0.388,0.777,5,-5.194,0,0.0341,0.0218,1e-06,0.101,0.218,163.805,spotify:track:6NdL165hAxSKNnozIA2HDY,4
TWIN XL,Good,0.617,0.964,1,-3.559,1,0.0355,0.113,0.000225,0.247,0.961,75.978,spotify:track:7sRdxkgNb3m3Ciai38ANmd,4
Delaney Jane,Throwback,0.613,0.731,8,-3.993,1,0.0625,0.177,0.0,0.107,0.322,107.071,spotify:track:0O64j1yLdHg17XDfleKiYH,4
ayokay,Cassette,0.718,0.56,1,-6.739,0,0.0564,0.141,0.0,0.148,0.292,75.031,spotify:track:3GweDldi2HrraUKLexWUeb,4
Bryce Vine,Drew Barrymore,0.758,0.574,11,-6.889,0,0.0572,0.46,0.00272,0.102,0.261,151.985,spotify:track:7nvIPwXKGhqtRhssxM99kJ,4
Post Malone,I'm Gonna Be,0.746,0.559,5,-4.008,1,0.0316,0.703,0.0,0.148,0.368,117.943,spotify:track:1ckLp8lCl8LipXI0ypX72m,4
lovelytheband,coachella,0.563,0.646,2,-6.849,1,0.0312,0.0664,0.000879,0.0877,0.288,115.013,spotify:track:1bPJ6Ay1La8IYPCuCvQA7k,4
Kid Travis,Strawberry Skies,0.65,0.462,11,-6.589,0,0.0891,0.366,0.0,0.159,0.65,89.887,spotify:track:2p1onANhkUkyMZKKigOUJu,4
Bryce Vine,San Junipero,0.689,0.702,2,-5.278,1,0.0356,0.203,0.00052,0.145,0.562,98.018,spotify:track:2Z8WXN2oV5dzxTWjscQQr2,4
Post Malone,Hollywood's Bleeding,0.405,0.646,4,-3.206,0,0.0476,0.331,0.0,0.103,0.17,130.218,spotify:track:7sWRlDoTDX8geTR8zzr2vt,4
lovelytheband,broken - Cash Cash Remix,0.497,0.747,11,-3.112,0,0.0894,0.0259,0.0,0.0697,0.355,140.81,spotify:track:5W0vgRE9B23TZDj5B7pRUO,4
lovelytheband,stupid mistakes,0.697,0.713,0,-6.567,1,0.0265,0.133,0.00862,0.23,0.529,128.974,spotify:track:3yGZzSxHvvQKwMsAtFfNF5,4
Talos,See Me,0.436,0.661,0,-6.034,1,0.0353,0.247,1.77e-05,0.105,0.149,168.043,spotify:track:4akuE3uBD4t5HTXaAEm88t,4
ILLENIUM,Good Things Fall Apart (with Jon Bellion),0.643,0.603,2,-5.416,1,0.0311,0.012,0.0,0.118,0.42,144.01,spotify:track:3LxG9HkMMFP0MZuiw3O2rF,4
Jason Ross,Letting Go (with RUNN),0.367,0.688,4,-6.11,1,0.0465,0.167,1.18e-06,0.0916,0.219,149.636,spotify:track:6XxrZcC4CnlJy1qyYrrxqZ,4
Valley,Swim - Reprise,0.493,0.782,2,-6.968,1,0.0353,0.0187,1.88e-05,0.321,0.314,104.941,spotify:track:4eVE7ruYH5dNGYKT2jd5So,4
Lennon Stella,Kissing Other People,0.691,0.662,2,-5.941,1,0.0738,0.548,2.43e-06,0.119,0.299,94.028,spotify:track:4WjTbrxOPvSwQlajlE4aXH,4
Boy In Space,7UP,0.616,0.469,0,-7.38,1,0.027,0.0167,0.0,0.111,0.233,135.035,spotify:track:4cB00WOFuQFLoDpnydcx8c,4
Quinn XCII,U & Us,0.605,0.73,4,-7.871,1,0.0425,0.087,0.00269,0.187,0.263,130.025,spotify:track:6SL7KzIA96f0HiKjuv7tED,4
LANY,pink skies,0.719,0.631,5,-6.616,1,0.0433,0.266,7.69e-06,0.134,0.466,103.968,spotify:track:6BZ6pl5bczDc3cMF1kBaOy,4
Galantis,Runaway (U & I),0.506,0.805,1,-4.119,1,0.0469,0.00711,0.00193,0.0856,0.383,126.008,spotify:track:46lFttIf5hnUZMGvjK0Wxo,4
Mike Perry,Lighthouse,0.543,0.875,1,-3.033,1,0.032,0.0795,1.07e-05,0.061,0.244,154.936,spotify:track:4AM3fxgUBkEUO6xScrmB9a,4
Seven Lions,First Time (feat. Dylan Matthew),0.422,0.677,11,-5.76,1,0.0365,0.251,3.55e-06,0.16,0.146,150.131,spotify:track:27YD36FUikKxbp3bKSiKGZ,4
Seven Lions,First Time (feat. Dylan Matthew) - Acoustic,0.558,0.337,10,-8.414,1,0.0311,0.92,2.34e-06,0.159,0.397,143.784,spotify:track:4s9Na0ywXodZXScgvXmJop,4
Lauv,For Now,0.533,0.226,7,-12.186,1,0.0416,0.783,7.32e-06,0.113,0.111,83.588,spotify:track:0PxJmAlyKcRdd1r9FvDbTn,4
Jai Wolf,Better Apart (feat. Dresage),0.489,0.703,4,-4.564,0,0.026,0.013,6.04e-05,0.104,0.256,149.977,spotify:track:1TFC1wutiIHQQ9buf8bxQI,4
Lauv,Lonely Eyes,0.586,0.499,2,-7.005,1,0.0267,0.0418,0.0,0.0994,0.369,95.014,spotify:track:5qhHm4dN4L2dhRb2TfzGPw,4
Martin Garrix,Used To Love (with Dean Lewis),0.651,0.693,4,-4.722,1,0.0375,0.458,0.0,0.335,0.392,118.97,spotify:track:7pWK1kMgHy5lNNiIfuRbkP,4
Lauv,Changes,0.532,0.455,2,-8.366,1,0.156,0.452,0.0,0.237,0.204,148.182,spotify:track:7cDpMO5wuWgvv3j4INRBeB,4
Bryce Vine,La La Land (feat. YG),0.774,0.473,1,-5.122,0,0.0569,0.221,0.0,0.222,0.416,97.953,spotify:track:4oM9DGUTrRaXJDypxxHztZ,4
Felix Palmqvist,Think Of Me (feat. Loé),0.499,0.61,1,-4.48,1,0.031,0.606,1.81e-05,0.0693,0.299,155.212,spotify:track:5uRjHOMFT16RS1f8ZNlkzm,4
X Ambassadors,HOLD YOU DOWN,0.577,0.627,1,-5.553,0,0.0533,0.0491,1.24e-06,0.0766,0.446,78.96,spotify:track:3Tiv2bF1OLCXXnuXaDKaG3,4
Bryce Vine,Nowhere Man,0.634,0.677,8,-6.698,1,0.0336,0.101,1.97e-05,0.0576,0.33,122.035,spotify:track:4Y778EFdrOrvILkY3k4FXO,4
Bryce Vine,Sunflower Seeds,0.723,0.593,10,-5.816,1,0.0308,0.194,5.35e-05,0.217,0.273,92.985,spotify:track:4MJfCOcc2PpWOrUqOpvy1S,4
Bryce Vine,Los Angeles,0.728,0.812,1,-6.099,0,0.0671,0.121,0.0,0.293,0.824,150.093,spotify:track:0GJnCFj7z7hvxo7AKX1PM8,4
Troye Sivan,YOUTH - Gryffin Remix,0.56,0.66,4,-6.264,0,0.0406,0.0796,0.00925,0.0989,0.367,103.974,spotify:track:0fQ9O8i6Hw2VFMW7i1Tgav,4
The Wanted,Glad You Came,0.61,0.841,7,-4.579,0,0.0692,0.056,9.85e-06,0.118,0.431,126.889,spotify:track:3AGOgQzp0YcPH41u9p7dOp,4
Eric Reprid,June Blues,0.941,0.551,1,-5.659,0,0.0534,0.331,2.97e-05,0.106,0.702,98.014,spotify:track:4WvApvScQ8ofzDIqgpScmb,4
Bren Joy,Pocket,0.516,0.682,3,-6.545,0,0.0535,0.096,0.0,0.107,0.393,153.996,spotify:track:6VbkpKQxghXolaaY4gS61D,4
Wallows,Are You Bored Yet? (feat. Clairo),0.682,0.683,8,-6.444,0,0.0287,0.156,2.32e-05,0.273,0.64,120.023,spotify:track:57RA3JGafJm5zRtKJiKPIm,4
Timeflies,Nobody Has to Know,0.725,0.57,4,-4.06,1,0.106,0.723,0.0,0.085,0.238,146.233,spotify:track:4iaPzRl9XegHsNdZfuHWFD,4
Timeflies,Gravity,0.68,0.666,10,-5.698,1,0.0441,0.0217,0.0,0.125,0.501,74.0,spotify:track:4eCe46kZbdcdHeWhjZww8I,4
Social House,Magic In The Hamptons (feat. Lil Yachty),0.769,0.479,1,-5.339,1,0.0385,0.66,0.0,0.0914,0.803,96.051,spotify:track:2Yer0p7uB2lVBUAtANuuQp,4
Social House,Love Me Back,0.559,0.437,3,-10.27,1,0.0311,0.585,0.0,0.101,0.43,157.991,spotify:track:0Vs8BRdNnyuk0QXWPWvICK,4
Russ,"Psycho, Pt. 2",0.766,0.548,10,-4.29,1,0.235,0.775,5.57e-06,0.1,0.424,82.944,spotify:track:26OhjtaTamFocE08t83ml6,4
Rex Orange County,Sunflower,0.384,0.765,6,-4.463,1,0.0579,0.646,0.00352,0.522,0.567,129.903,spotify:track:4EpZ4eYuZOwPSSwyqpdHnJ,4
Quinn XCII,Flare Guns,0.812,0.472,1,-6.806,0,0.0603,0.26,0.0,0.285,0.457,92.951,spotify:track:7cM9Kqto11iJpY2RwgVJSq,4
PRETTYMUCH,Phases,0.77,0.636,11,-6.724,0,0.131,0.169,0.0,0.0676,0.492,105.93,spotify:track:3je88Q4OvTqIx7BFRFYvRA,4
Prelow,Backseat,0.706,0.559,1,-6.565,1,0.0339,0.0126,2.49e-06,0.051,0.468,102.003,spotify:track:2UoBCvP9e34TJ4RSPUXomc,4
Post Malone,Sunflower - Spider-Man: Into the Spider-Verse,0.76,0.479,2,-5.574,1,0.0466,0.556,0.0,0.0703,0.913,89.911,spotify:track:3KkXRkHbMCARz0aVfEt68P,4
Post Malone,Wow.,0.829,0.539,11,-7.359,0,0.208,0.136,1.78e-06,0.103,0.388,99.96,spotify:track:7xQAfvXzm3AkraOtGPWIZg,4
Post Malone,rockstar (feat. 21 Savage),0.585,0.52,5,-6.136,0,0.0712,0.124,7.01e-05,0.131,0.129,159.801,spotify:track:0e7ipj03S05BNilyu5bRzt,4
Post Malone,Rich & Sad,0.599,0.571,2,-4.998,1,0.0665,0.198,0.0,0.0969,0.285,151.974,spotify:track:2VdT56BGpdqNHUgOe1j5vc,4
Post Malone,Otherside,0.652,0.643,9,-5.667,0,0.0353,0.318,2.87e-06,0.208,0.109,104.932,spotify:track:4qWCFTuNnmGNdY4egtb4ZY,4
Post Malone,Circles,0.695,0.762,0,-3.497,1,0.0395,0.192,0.00244,0.0863,0.553,120.042,spotify:track:21jGcNKet2qwijlDFuPiPb,4
Mokita,Til I Don't,0.766,0.394,0,-7.451,1,0.0637,0.0582,0.00523,0.279,0.816,160.079,spotify:track:6TSlbHp7Vx4wZ0Rqciwn5v,4
Lostboycrow,Devil's in the Backseat,0.642,0.558,5,-8.401,0,0.0693,0.164,0.0,0.142,0.51,156.053,spotify:track:52hSR5CsLyziuwpZQqd9wI,4
Loote,85%,0.574,0.651,7,-7.585,1,0.046,0.346,0.0,0.149,0.368,140.017,spotify:track:5teOR8KU4XNWY2WlVUDiIR,4
Lauv,Sad Forever,0.527,0.538,5,-7.434,1,0.104,0.468,0.0,0.0825,0.389,117.319,spotify:track:4a5zacCsHLtMC2mcxkqWwn,4
Lauv,Sims,0.529,0.398,2,-8.238,1,0.388,0.643,0.0,0.0637,0.567,99.714,spotify:track:7IE989Ftunp6k2LdMsFC5r,4
Kygo,Raging (feat. Kodaline),0.55,0.689,3,-7.76,0,0.094,0.0498,0.0,0.207,0.408,99.904,spotify:track:6DsFZITJMPnh8z5XewfVmL,4
Khalid,Young Dumb & Broke,0.798,0.539,1,-6.351,1,0.0421,0.199,1.66e-05,0.165,0.394,136.949,spotify:track:5Z3GHaZ6ec9bsiI5BenrbY,4
Khalid,OTW,0.652,0.678,2,-6.183,1,0.0541,0.183,3.26e-05,0.106,0.28,72.989,spotify:track:6Hgh47WXVKtXN5zGOu0hjI,4
Clueless Kit,I'm Not Sober,0.667,0.541,2,-7.247,1,0.0425,0.497,2.76e-06,0.0979,0.327,108.952,spotify:track:4eNHyE1TnZ71EKADVixS9q,4
Russ,Nobody Knows,0.715,0.71,4,-9.504,1,0.432,0.445,0.000284,0.103,0.526,162.043,spotify:track:1pNAf6W7POwjOD8x8mWf8G,4
Clueless Kit,Not You (feat. Kora),0.47,0.349,0,-11.327,1,0.375,0.395,4.4e-05,0.127,0.264,72.326,spotify:track:69R5AoRQjNVSDemDFhKZOj,4
FINNEAS,Let's Fall in Love for the Night,0.737,0.408,5,-7.941,1,0.104,0.802,0.0,0.171,0.374,127.921,spotify:track:7kQkmyoHCEqwe7QwDbkSXM,4
Brent Faiyaz,Gang Over Luv,0.781,0.277,8,-9.35,1,0.326,0.0408,0.000339,0.0754,0.302,163.987,spotify:track:7LaI3mRTJu66r9HKdv7iBx,4
keshi,skeletons,0.719,0.265,2,-12.782,1,0.0754,0.296,0.0865,0.108,0.273,80.021,spotify:track:2BuJrxYKhYky20dQqTlobO,4
keshi,summer,0.717,0.453,8,-9.394,1,0.0532,0.144,0.0,0.12,0.483,85.005,spotify:track:0LqCvXVNvcnkq78sCQsoO0,4
Jon Bellion,Blu,0.384,0.465,0,-8.554,1,0.0341,0.29,2.22e-05,0.359,0.636,131.604,spotify:track:4FUDWkguOUVpLRAVn5C20z,4
Jon Bellion,Guillotine,0.574,0.803,4,-3.17,0,0.186,0.102,4.15e-06,0.0861,0.647,97.967,spotify:track:2FK1qmw8XNBqUe5CcgTVnE,4
Joji,TEST DRIVE,0.646,0.648,3,-8.602,1,0.0372,0.71,0.00316,0.108,0.466,75.004,spotify:track:1DMEzmAoQIikcL52psptQL,4
Joji,Run,0.447,0.72,7,-3.954,1,0.0332,0.0416,0.000297,0.614,0.362,157.892,spotify:track:6p8eEdiZLKJH8tcjGZuNTK,3
Joji,Sanctuary,0.552,0.65,1,-7.199,1,0.128,0.422,0.000275,0.372,0.316,167.788,spotify:track:3xaugmCyXrVkrDTXbFkMW3,4
88rising,Head In The Clouds,0.516,0.456,9,-9.242,1,0.0397,0.281,1.27e-05,0.0847,0.238,145.843,spotify:track:3kYARoLSAvt86VFZ55BQcq,4
Jeremy Zucker,talk is overrated,0.776,0.353,4,-8.317,0,0.0687,0.435,0.0,0.302,0.658,138.035,spotify:track:7cflqPPi3zWfLFRRBTWeh6,4
Jeremy Zucker,Flying Kites,0.726,0.46,5,-5.33,1,0.0758,0.932,1.73e-05,0.0731,0.665,143.737,spotify:track:0yjdEwkPYbhCXN6uCedpVu,4
Jeremy Zucker,comethru,0.795,0.178,0,-11.991,1,0.0574,0.607,0.0,0.623,0.608,93.982,spotify:track:18uwL0vNUanqZH0ro2QcOP,4
HONNE,Warm on a Cold Night,0.342,0.609,8,-5.68,1,0.0943,0.185,0.00052,0.0799,0.401,82.989,spotify:track:5pJPgy2jGvvNUNfHPvG3Zp,4
benny blanco,Eastside (with Halsey & Khalid),0.56,0.68,6,-7.648,0,0.321,0.555,0.0,0.116,0.319,89.391,spotify:track:0d2iYfpKoM0QCKvcLCkBao,4
gianni & kyle,wave,0.744,0.43,7,-9.835,1,0.162,0.262,0.0,0.104,0.286,89.993,spotify:track:3YTqCVdqwsql9yQKshguT6,4
gianni & kyle,jealous,0.832,0.643,7,-6.035,0,0.127,0.274,0.0,0.0983,0.393,135.007,spotify:track:7lKNg20fAXWXgrr9ZmVdEE,4
gianni & kyle,how u get,0.867,0.658,11,-5.242,1,0.219,0.38,0.0,0.142,0.608,101.969,spotify:track:7kMFvJUNKfQaOFxN4kXa68,4
gianni & kyle,do u even miss me at all?,0.819,0.519,10,-7.16,0,0.0768,0.384,0.0,0.0898,0.452,100.039,spotify:track:1AHf5FSofKcUw8tyKkccKF,4
gianni & kyle,5 shots,0.918,0.449,1,-5.702,1,0.0605,0.124,0.0,0.0595,0.481,91.978,spotify:track:0znCw9dSfsrBGUtxAzd9kD,4
EXES,Peckham,0.592,0.495,9,-7.89,1,0.0446,0.581,0.00043,0.134,0.226,114.925,spotify:track:7AhqAjYc1F7x3yURlb0dkj,4
COIN,"Don't Cry, 2020",0.527,0.867,9,-5.854,1,0.145,0.0132,0.000358,0.612,0.184,128.04,spotify:track:69yWHw7ZdTfYnpk67pdj3a,4
Hoodie Allen,Come Around,0.726,0.727,9,-4.919,1,0.0969,0.363,0.0,0.231,0.815,77.543,spotify:track:2zkhW5YaOPPaPgNWXmjTjF,4
The Chainsmokers,Paris,0.646,0.644,2,-6.763,1,0.031,0.0243,0.0,0.0888,0.251,99.999,spotify:track:15vzANxN8G9wWfwAJLLMCg,4
The Chainsmokers,All We Know (feat. Phoebe Ryan),0.662,0.586,0,-8.821,1,0.0307,0.097,0.00272,0.115,0.296,90.0,spotify:track:2rizacJSyD9S1IQUxUxnsK,4
BROCKHAMPTON,SUMMER,0.497,0.55,8,-6.13,1,0.0257,0.847,0.049,0.119,0.542,79.955,spotify:track:66dQdXAbtuPdSasezCQVZE,4
BROCKHAMPTON,NO HALO,0.643,0.573,4,-7.034,1,0.0709,0.41,0.00017,0.0695,0.47,165.192,spotify:track:694vvR5o19xHPhhJ5QdLN7,4
BROCKHAMPTON,SUGAR,0.453,0.538,1,-8.212,1,0.0638,0.449,0.0,0.19,0.516,122.973,spotify:track:6U0FIYXCQ3TGrk4tFpLrEA,4
BROCKHAMPTON,GINGER,0.748,0.715,2,-5.137,1,0.0451,0.249,0.0369,0.164,0.226,130.087,spotify:track:1Uo7reO6I2yQ1q36ZPuNf7,4
Bren Joy,Twenties,0.676,0.586,0,-6.412,1,0.0716,0.177,0.0,0.0461,0.602,88.01,spotify:track:5GI6QmVQewXzKDtIf4pPY8,4
Bren Joy,Sweet,0.638,0.732,0,-6.852,1,0.0914,0.173,0.0,0.0681,0.553,78.017,spotify:track:0dMahcyqbfmUiWUL9xiLmg,4
Bren Joy,Henny in the Hamptons,0.633,0.635,1,-6.786,0,0.118,0.623,0.0,0.207,0.464,87.927,spotify:track:4kWfgyx4baqZctv8N3zxwt,4
BØRNS,Electric Love,0.611,0.797,6,-7.627,0,0.0533,0.00543,0.00137,0.26,0.518,120.041,spotify:track:2GiJYvgVaD2HtM8GqD9EgQ,4
blackbear,Idfc,0.63,0.5,1,-8.755,0,0.0611,0.611,4.04e-05,0.114,0.315,144.871,spotify:track:6y6jbcPG4Yn3Du4moXaenr,4
blackbear,hot girl bummer,0.778,0.559,6,-7.109,0,0.0776,0.128,0.0,0.399,0.678,129.989,spotify:track:7aiClxsDWFRQ0Kzk5KI5ku,1
ayokay,Stay With Me (feat. Jeremy Zucker),0.695,0.695,2,-6.612,1,0.0706,0.489,0.00019,0.131,0.468,100.021,spotify:track:65Bynqyt59f3fojjs1Uo41,4
ayokay,Sleepless Nights (feat. Nightly),0.663,0.696,11,-5.994,1,0.0349,0.0563,6.25e-06,0.226,0.449,139.98,spotify:track:4PUWpNtDejQwwa80LjvxXl,4
Axwell /\ Ingrosso,More Than You Know,0.646,0.741,5,-4.973,0,0.034,0.0275,0.0,0.312,0.571,123.077,spotify:track:6h5PAsRni4IRlxWr6uDPTP,4
Anthony Russo,California,0.736,0.493,10,-7.224,1,0.0592,0.265,0.0,0.247,0.364,141.997,spotify:track:6ae29ZzSPYq61ARnOn3CGh,4
COIN,Atlas,0.38,0.769,6,-5.572,0,0.0748,0.00741,3.86e-06,0.163,0.562,174.223,spotify:track:7HbTWMc28PYvjltuhArnKG,4
COIN,Crash My Car,0.244,0.645,5,-5.863,1,0.0456,0.00178,0.00574,0.301,0.529,183.577,spotify:track:0X5mtNbqxbiTYkwj0CQc2f,5
COIN,Talk Too Much,0.598,0.888,4,-5.119,1,0.0807,0.00947,0.0,0.347,0.482,103.966,spotify:track:4djIFfof5TpbSGRZUpsTXq,4
Death Cab for Cutie,Summer Years,0.556,0.902,11,-6.087,0,0.0333,0.215,0.357,0.109,0.849,152.25,spotify:track:7znbs5T41Li5UBiVGhEACQ,4
Death Cab for Cutie,Northern Lights,0.514,0.95,4,-3.807,0,0.0298,0.00575,0.00238,0.134,0.665,137.975,spotify:track:28QF5ELXqDnaBjPjGTlzAK,4
flor,back again,0.636,0.597,8,-6.884,0,0.0279,0.118,0.00283,0.124,0.639,84.979,spotify:track:1J5rHMEvQFpM07iLULi48A,4
flor,hold on,0.609,0.872,8,-4.72,1,0.0447,0.0483,0.000971,0.119,0.534,111.967,spotify:track:6RtRxaZN5RMWFbeZW24oRx,4
flor,dancing around,0.726,0.657,10,-7.066,0,0.0327,0.00765,0.000248,0.0975,0.629,114.996,spotify:track:5UAOuU3YK9xo76vtrhyDng,4
flora cash,Missing Home,0.608,0.728,11,-6.612,1,0.0393,0.339,4.62e-05,0.0741,0.246,89.994,spotify:track:29j2Y1N3vpyvm385G4TFSS,4
HONNE,Me & You ◑,0.769,0.546,0,-8.27,0,0.0387,0.645,0.000231,0.0948,0.603,120.22,spotify:track:1ITJTMrS4cx8zdlI7DdSoo,4
HONNE,Day 1 ◑,0.503,0.581,6,-7.007,1,0.0881,0.21,0.000708,0.257,0.633,94.555,spotify:track:6ZzYETKetIfNUsZUb23jgG,4
HONNE,Location Unknown ◐,0.682,0.65,5,-7.231,1,0.0457,0.216,9.48e-06,0.0947,0.378,109.986,spotify:track:6A1GBCMwbfhkB9e1thR8a8,4
HONNE,Crying Over You ◐,0.385,0.62,1,-8.316,0,0.147,0.0815,0.0,0.352,0.415,75.564,spotify:track:7i1pavASRUZk62ejaUIESa,4
joan,i loved you first,0.556,0.276,0,-9.603,1,0.0269,0.0862,6.89e-06,0.0999,0.216,75.02,spotify:track:3FpEXAupLwCHwzeUBxF99S,4
joan,love somebody like you,0.577,0.854,7,-3.754,1,0.0473,0.0596,2.69e-05,0.205,0.336,94.999,spotify:track:0ltO5bci13M68sTnEctBxR,4
joan,tokyo,0.631,0.786,9,-5.267,1,0.0353,0.00716,0.0,0.12,0.761,102.027,spotify:track:2k7GyFSbErjCvk1QlTChxL,4
LANY,ILYSB,0.636,0.623,5,-7.016,1,0.0603,0.468,0.00453,0.351,0.389,100.026,spotify:track:2btKtacOXuMtC9WjcNRvAA,4
LANY,I Don't Wanna Love You Anymore,0.702,0.623,0,-8.36,1,0.0417,0.322,0.0,0.0858,0.503,104.974,spotify:track:7ArrTJ1LwcGAlEO65LUQ7i,4
LANY,Malibu Nights,0.559,0.422,11,-11.89,1,0.195,0.701,1.99e-06,0.0853,0.191,74.002,spotify:track:0Eqg0CQ7bK3RQIMPw1A7pl,4
The Lumineers,Sleep On The Floor,0.389,0.431,7,-8.061,1,0.0344,0.249,0.0,0.13,0.275,142.14,spotify:track:5MMZJtHOiH1RmQSSe3DJdg,4
Nightly,the movies,0.651,0.87,11,-4.818,1,0.0262,0.0773,1.12e-05,0.0852,0.811,109.984,spotify:track:4RR9tI04ScTvVBCVTyTzhy,4
Lost Frequencies,Are You With Me - Radio Edit,0.763,0.61,5,-8.094,0,0.0355,0.275,2.71e-05,0.12,0.392,121.031,spotify:track:62nhuooamoroYpJyqE0nLd,4
Said the Sky,Erase Me,0.528,0.61,5,-6.564,1,0.0287,0.376,7.32e-05,0.211,0.304,130.11,spotify:track:0AISJtBDtZXgB2fuvcjQEN,4
ODESZA,Falls (feat. Sasha Sloan),0.294,0.697,6,-6.029,1,0.128,0.0398,0.00011,0.136,0.183,160.566,spotify:track:6oNZ0WxqptE7V0qpjtyJ4a,4
FLETCHER,Undrunk,0.613,0.579,5,-6.484,1,0.0833,0.489,0.0,0.126,0.551,91.863,spotify:track:1Pj5oOFzLYELyyeh1IYRK0,4
Marc E. Bassy,Just My Luck,0.617,0.64,8,-5.601,1,0.042,0.283,1.02e-06,0.164,0.346,156.98,spotify:track:2QsBAfiNmngcrZsOTznqBG,4
Calvin Harris,Summer,0.596,0.856,4,-3.556,0,0.0346,0.0211,0.0178,0.141,0.743,127.949,spotify:track:6YUTL4dYpB9xZO5qExPf05,4
Boy In Space,Cold,0.711,0.412,9,-6.827,1,0.0445,0.184,0.0,0.0546,0.186,130.015,spotify:track:5jYe1mOKg5zUx0enf1DOdz,4
Oh Wonder,Happy,0.698,0.516,6,-8.472,1,0.0331,0.454,0.0,0.0922,0.516,101.979,spotify:track:64oxZ8Ma5HAWV04LAI2KwT,4
Jeremy Zucker,not ur friend,0.801,0.272,4,-10.564,1,0.415,0.302,0.0,0.407,0.648,68.965,spotify:track:1g8illkxDpZ9oHckc7NovJ,4
Carlie Hanson,Back in My Arms,0.543,0.781,1,-4.854,0,0.0988,0.0879,0.0,0.0868,0.522,150.174,spotify:track:1FlAMUpKrjY4NdaqsXjl1w,4
keshi,2 soon,0.517,0.663,6,-6.688,0,0.0375,0.146,0.0,0.322,0.146,174.032,spotify:track:5SlU0Yhi51jobhEiGE4xDv,4
The Chainsmokers,Roses (feat. ROZES) - Zaxx Remix,0.677,0.881,1,-3.534,0,0.054,0.00445,0.0146,0.359,0.566,128.121,spotify:track:5MgBUUjbkQ27Kd9CbeZFLo,4
Christian French,superstars,0.312,0.614,8,-6.073,1,0.0466,0.0589,0.0,0.0898,0.356,205.379,spotify:track:0TqaX16qLpX7YqFcAl9lDy,4
88rising,Midsummer Madness,0.409,0.678,9,-7.731,1,0.0878,0.359,4.76e-06,0.167,0.168,89.968,spotify:track:6TodWdTSDfzwgYynTZSvJn,4
Rich Brian,100 Degrees,0.756,0.648,0,-5.287,1,0.0731,0.118,0.0,0.515,0.657,80.979,spotify:track:2ZDpSQfBdgkooeXw6oj3Uz,4
Beach House,Space Song,0.509,0.79,0,-7.105,0,0.0293,0.218,0.125,0.144,0.625,147.073,spotify:track:0hNhlwnzMLzZSlKGDCuHOo,4
Sun Rai,San Francisco Street,0.877,0.542,2,-9.102,1,0.0419,0.224,0.132,0.0858,0.509,111.474,spotify:track:5pjWzUc1tVcewUTdDJd6Ce,4
Oh Wonder,How It Goes,0.581,0.351,6,-12.2,1,0.104,0.867,0.00162,0.375,0.524,93.988,spotify:track:5Dpeoi8BLN4iWM0oaRU7C6,4
Hollow Coves,These Memories,0.537,0.265,1,-18.229,1,0.0304,0.961,0.131,0.0676,0.384,77.471,spotify:track:28sWYevC75ZrUMJ0tD4zWM,4
Vance Joy,Riptide,0.484,0.731,1,-6.694,1,0.0379,0.431,0.0,0.151,0.51,101.654,spotify:track:3JvrhDOgAt6p7K8mDyZwRd,4
Phillip Phillips,Home,0.606,0.826,0,-6.04,1,0.0307,0.0256,1.56e-05,0.117,0.322,121.04,spotify:track:4rsW3WCZBGwhHfJWuHRwyT,4
Phillip Phillips,"Gone, Gone, Gone",0.664,0.642,6,-5.961,1,0.038,0.129,0.0,0.114,0.501,118.002,spotify:track:5L79aNYCTKiZq7vaOElXYj,4
The Lumineers,Ho Hey,0.685,0.466,0,-9.074,1,0.0304,0.794,2.06e-06,0.0915,0.353,79.936,spotify:track:0W4Kpfp1w2xkY3PrV714B7,4
Vancouver Sleep Clinic,Ayahuasca,0.463,0.228,4,-15.717,0,0.0338,0.734,0.11,0.0691,0.0528,148.003,spotify:track:6oVm5ocTB8B0rjO5dZk8Px,4
Death Cab for Cutie,When We Drive,0.72,0.628,11,-8.759,0,0.0302,0.405,0.0201,0.311,0.524,103.576,spotify:track:3g2BcuGHf4zYPSxv1uoSmv,4
Dream Easy Collective,Ultimately,0.734,0.22,5,-17.295,1,0.226,0.896,0.0,0.339,0.625,106.977,spotify:track:0I0ZackSSk90oGUJtfKnJd,4
Lostboycrow,Santa Fe,0.482,0.378,0,-10.448,0,0.0468,0.542,0.198,0.189,0.401,187.834,spotify:track:0SzLEOsIqaVdThCSzvbgCy,3
Finding Hope,3:00 AM,0.548,0.148,0,-18.726,0,0.0419,0.557,0.000956,0.286,0.0344,81.999,spotify:track:5HsSsEeP3hU9QSfHZrzbtA,4
Jeremy Zucker,thinking 2 much,0.667,0.371,6,-11.845,1,0.0476,0.788,7.23e-06,0.0998,0.519,104.946,spotify:track:3X0J4QzAMCoyMZUSMCoVDw,4
Oh Wonder,Plans,0.458,0.298,0,-13.191,1,0.25,0.833,0.0599,0.0631,0.144,76.575,spotify:track:5jOQ5v49S1h496AiNlk682,4
Gallant,Weight in Gold,0.38,0.438,5,-5.526,0,0.0962,0.0259,1.29e-05,0.154,0.349,179.404,spotify:track:1gXBi2I04CLJkTQnhNfEJT,3
Clueless Kit,Come to a Stop (feat. Kora),0.867,0.492,0,-6.663,1,0.395,0.767,0.00409,0.102,0.542,160.031,spotify:track:169koB619bHoCZGLgAcDSX,4
Catherine Feeny,Mr Blue,0.456,0.386,10,-10.293,1,0.032,0.835,0.108,0.389,0.612,165.733,spotify:track:6ta5yavnnEfCE4faU0jebM,4
Fialta,High Above Chicago,0.603,0.361,2,-9.335,1,0.0291,0.416,0.00688,0.105,0.131,121.098,spotify:track:6brEbACn8gEJAZjbNQEElb,3
Oh Wonder,Without You,0.639,0.465,11,-7.247,0,0.0696,0.27,1.45e-06,0.124,0.319,86.994,spotify:track:0IVHlst3XMgzXUJbIyZ8oO,4
Oh Wonder,Drive,0.657,0.456,9,-8.351,1,0.0961,0.705,8.84e-06,0.084,0.381,141.735,spotify:track:2kJqNHHGOzLNahukdvlDWN,4
Emma Sameth,Spin With You (feat. Jeremy Zucker),0.818,0.445,5,-7.467,0,0.23,0.718,3.88e-05,0.108,0.423,95.944,spotify:track:1m7XbKhOvJst478ms8yUrr,4
Jeremy Zucker,desire,0.623,0.236,7,-12.529,1,0.0485,0.843,0.0,0.376,0.351,137.938,spotify:track:4cxwiuYJltrPeWr5FDDntO,4
RKCB,Naive,0.64,0.582,1,-9.529,1,0.041,0.716,0.00117,0.328,0.085,100.024,spotify:track:2jPQpbzZd90opXN0cBOspe,4
Oh Wonder,Heart Hope,0.377,0.375,8,-13.364,1,0.0505,0.938,0.0491,0.108,0.0712,122.431,spotify:track:2Czp64BykWyWfIssRXQZvT,4
khai dreams,Summer Is Like a Dream,0.586,0.384,8,-16.529,1,0.246,0.821,0.000524,0.0741,0.647,140.006,spotify:track:7BrvQTRoBtMlZuRuiWfFnf,4
Jeremy Zucker,firefly,0.738,0.319,6,-8.479,0,0.117,0.569,2.48e-05,0.145,0.427,83.017,spotify:track:2ULvsEVdvPbXERrl3mGEE8,4
Chris Wright,Up and Down,0.501,0.523,2,-9.298,1,0.174,0.877,3.19e-06,0.143,0.576,132.348,spotify:track:2qcusYRhQiSQexL1cmkj8N,4
Chris Wright,Sleep Alone,0.763,0.286,0,-15.599,1,0.102,0.772,1.21e-05,0.0954,0.175,112.192,spotify:track:3uLeFt6TLThy8ij5cf6MTt,4
Milky Day,Blur,0.453,0.287,11,-12.695,1,0.051,0.787,0.0,0.106,0.076,127.454,spotify:track:4ugiUtLDE6ACEeG5vj1rEh,4
khai dreams,Drifting Away,0.52,0.268,1,-15.199,1,0.0407,0.739,0.177,0.0718,0.273,119.856,spotify:track:34CuWXYL4yE4zgUR7yKqC3,4
Chris Wright,You're the Reason,0.693,0.403,0,-8.773,1,0.191,0.946,5.07e-06,0.104,0.677,115.621,spotify:track:1OJqtwMsA3RHmAYh6DHWYK,4
keshi,as long as it takes you,0.876,0.288,1,-9.208,0,0.321,0.449,0.000396,0.3,0.279,139.994,spotify:track:2XpmzywSGH1OILU0mxSHBy,4
UMI,Lullaby,0.849,0.19,7,-9.628,1,0.0447,0.549,0.00229,0.102,0.203,113.955,spotify:track:1K1b1rPjbbam1NXUPg4VrK,3
UMI,Butterfly,0.785,0.27,5,-14.457,1,0.0892,0.255,0.00132,0.0953,0.12,131.894,spotify:track:4qkVALwOxCIEZ7I5gkZ3m4,4
UMI,Midnight Blues,0.763,0.494,11,-6.857,0,0.0487,0.965,0.00173,0.173,0.347,88.011,spotify:track:5HYSOEDwblGTVSh88TZnet,4
UMI,Remember Me,0.84,0.344,5,-8.613,0,0.0374,0.456,3.36e-05,0.35,0.526,111.994,spotify:track:630Ug0XtmhhFvAKo0PNuEI,4
RINI,Carefree,0.715,0.317,4,-12.28,0,0.109,0.824,1.9e-06,0.123,0.239,120.029,spotify:track:1dlgxW5PwUT0v1xzHTCRgH,4
RINI,My Favourite Clothes,0.746,0.339,2,-9.041,1,0.144,0.482,1.36e-05,0.0838,0.291,119.924,spotify:track:2ZwIO3ufWLFYxtEoam9ydu,4
keshi,like i need u,0.748,0.465,5,-8.163,1,0.0869,0.399,0.0,0.294,0.412,119.872,spotify:track:7ivYWXqrPLs66YwakDuSim,4
LANY,ILYSB - STRIPPED,0.661,0.393,5,-8.199,1,0.0554,0.546,0.000131,0.11,0.165,83.851,spotify:track:3Dkvp3L4w0uJFYfIPa8E9H,4
Joji,SLOW DANCING IN THE DARK,0.515,0.479,3,-7.458,1,0.0261,0.544,0.00598,0.191,0.284,88.964,spotify:track:0rKtyWc8bvkriBthvHKY8d,4
khai dreams,Through and Through,0.852,0.424,6,-9.308,1,0.0463,0.383,0.0,0.0843,0.591,94.934,spotify:track:5lH3H5LMsBnWfec33fui3w,4
COIN,Malibu 1992,0.559,0.32,6,-7.694,1,0.0414,0.0644,0.132,0.173,0.497,147.366,spotify:track:0nMqu5vN44GNv8UOQxmBJK,4
ASTN,18,0.554,0.452,8,-12.751,1,0.538,0.575,0.0,0.347,0.344,84.982,spotify:track:1XFbCFyh2mPCDUBtoHut9A,3
khai dreams,Lost in You,0.771,0.607,5,-12.02,0,0.113,0.334,0.0,0.122,0.79,90.035,spotify:track:2itR8VHeTVKInnMPec8mj8,4
khai dreams,Do You Wonder,0.774,0.281,4,-12.527,1,0.0404,0.545,0.0249,0.105,0.341,140.086,spotify:track:08zeEYblrLGAwATpniIMCu,4
The Paper Kites,Bloom - Bonus Track,0.592,0.416,1,-9.794,1,0.0246,0.882,0.000586,0.112,0.417,96.002,spotify:track:41yIvlFgvGwxq8qTqAR7eG,4
NIKI,lowkey,0.752,0.494,0,-8.18,1,0.0559,0.432,0.0,0.0869,0.227,117.901,spotify:track:5TTXEcfsYLh6fTarLaevTi,4
khai dreams,Fantasy,0.35,0.43,7,-13.14,1,0.131,0.715,0.0,0.299,0.203,169.908,spotify:track:53usuYfeK66GLBhm6k7x5e,4
DPR LIVE,Jasmine,0.597,0.486,8,-5.893,1,0.0986,0.331,0.0,0.14,0.397,137.68,spotify:track:2IgbYlOlFpiSFYnsqB39lM,4
Marshmello,Happier,0.687,0.792,5,-2.749,1,0.0452,0.191,0.0,0.167,0.671,100.015,spotify:track:2dpaYNEQHiRxtZbfNsse99,4
ILLENIUM,In Your Arms (with X Ambassadors),0.404,0.806,2,-4.75,1,0.0496,0.198,0.0,0.114,0.112,148.036,spotify:track:70YPzqSEwJvAIQ6nMs1cjY,4
Marshmello,Happier,0.687,0.792,5,-2.749,1,0.0452,0.191,0.0,0.167,0.671,100.015,spotify:track:2dpaYNEQHiRxtZbfNsse99,4
ILLENIUM,In Your Arms (with X Ambassadors),0.404,0.806,2,-4.75,1,0.0496,0.198,0.0,0.114,0.112,148.036,spotify:track:70YPzqSEwJvAIQ6nMs1cjY,4
ILLENIUM,Good Things Fall Apart (with Jon Bellion),0.643,0.594,2,-5.453,1,0.0318,0.0128,0.0,0.118,0.442,144.033,spotify:track:6pooRNiLyYpxZeIA5kJ5EX,4
Halsey,Colors - Audien Remix,0.649,0.885,1,-2.012,1,0.106,0.0722,8.03e-05,0.101,0.719,134.932,spotify:track:3WtCu35qpzGCLIGa8pczdu,4
Gryffin,All You Need To Know (feat. Calle Lehmann),0.513,0.788,0,-4.629,1,0.0364,0.00968,0.0,0.11,0.234,139.987,spotify:track:4Gcv5SsxnQWpmOnUI19EJk,4
The Chainsmokers,Takeaway,0.528,0.511,3,-8.144,1,0.0324,0.126,0.0,0.101,0.351,100.1,spotify:track:3g0mEQx3NTanacLseoP0Gw,4
The Chainsmokers,Closer,0.748,0.524,8,-5.599,1,0.0338,0.414,0.0,0.111,0.661,95.01,spotify:track:7BKLCZ1jbUBVqRi2FVlTVw,4
The Chainsmokers,Something Just Like This,0.617,0.635,11,-6.769,0,0.0317,0.0498,1.44e-05,0.164,0.446,103.019,spotify:track:6RUKPb4LETWmmr3iAEQktW,4
SLANDER,Potions,0.545,0.323,3,-12.006,1,0.0391,0.102,2.74e-06,0.107,0.193,149.941,spotify:track:5uGCoNepb3NfYHzdVDXQtC,4
ILLENIUM,Crashing (feat. Bahari),0.582,0.681,5,-6.138,1,0.0458,0.342,0.0,0.186,0.273,95.995,spotify:track:17Efhyf4A96n0EFXKeB7Ya,4
SLANDER,Love Is Gone,0.452,0.465,4,-10.006,0,0.0344,0.0589,0.000524,0.095,0.0832,149.586,spotify:track:39glqzRVRAy4vq3PqeTGb8,4
Gryffin,Just For A Moment (feat. Iselin),0.536,0.776,1,-6.343,0,0.0485,0.0137,1.83e-05,0.269,0.414,144.037,spotify:track:24FFOpCA6bc5YoU2F3TKqS,4
Cash Cash,How to Love (feat. Sofia Reyes) - Boombox Cartel Remix,0.548,0.895,9,-1.988,0,0.102,0.11,0.0,0.0816,0.682,150.122,spotify:track:22S5BO6h7JIOjg2Uw88l8e,4
Timmy Trumpet,Freaks - Radio Edit,0.882,0.965,4,-0.818,1,0.13,0.0136,0.388,0.206,0.759,128.129,spotify:track:4f3NHOxgC8Bg21IJBg4cZ3,4
Said the Sky,Superstar,0.617,0.721,5,-5.568,1,0.0375,0.0712,6.61e-05,0.0867,0.422,134.974,spotify:track:1DxEbPu9z1SVGh7dXMuzS9,4
Gryffin,Tie Me Down (with Elley Duhé),0.608,0.845,6,-2.292,1,0.0597,0.136,0.0,0.111,0.322,98.976,spotify:track:2zh01m4PiHaZz4BAm0NRxs,4
Seven Lions,Rush Over Me,0.441,0.753,0,-4.074,1,0.044,0.0701,0.0,0.027,0.254,135.015,spotify:track:6BDLcvvtyJD2vnXRDi1IjQ,4
Gryffin,Nobody Compares To You (feat. Katie Pearlman),0.59,0.764,2,-4.735,1,0.0467,0.229,0.0,0.192,0.331,104.911,spotify:track:17ejRbr6B8l9zdqgCZsn4m,4
Zedd,Happy Now,0.503,0.741,4,-5.128,1,0.047,0.579,1.49e-06,0.0712,0.458,88.335,spotify:track:4keoy2fqgwGnbWlm3ZVZFa,3
Halsey,Without Me - ILLENIUM Remix,0.639,0.71,6,-3.358,1,0.0479,0.483,2.22e-06,0.219,0.373,136.004,spotify:track:4bw3ZyWA1ui0Adu285NWDl,4
The Chainsmokers,Don't Let Me Down (feat. Daya) - Illenium Remix,0.428,0.656,11,-3.712,1,0.075,0.0751,0.181,0.15,0.355,79.648,spotify:track:15BlympuVSfZFROojEMY2M,4
The Wanted,We Own The Night - The Chainsmokers Edit,0.602,0.839,8,-3.561,0,0.0389,0.0141,0.0083,0.0897,0.402,126.001,spotify:track:6h9xi8i9zVOXk5FqGqcBNH,4
Zedd,Spectrum,0.609,0.801,0,-4.417,0,0.034,0.0137,0.00349,0.127,0.407,129.99,spotify:track:1dFkD1JfRMzwO6hwUsE8aS,4
Kygo,Firestone (feat. Conrad Sewell),0.486,0.652,11,-7.226,0,0.052,0.408,6.63e-05,0.077,0.391,113.055,spotify:track:1I8tHoNBFTuoJAlh4hfVVE,4
Avicii,The Nights,0.527,0.835,6,-5.298,1,0.0433,0.0166,0.0,0.249,0.654,125.983,spotify:track:0ct6r3EGTcMLPtrXHDvVjc,4
Grace VanderWaal,Moonlight - BKAYE Remix,0.498,0.872,7,-2.336,1,0.153,0.039,0.0,0.276,0.365,91.866,spotify:track:0xrcHE5F1e4OMJ2V9fc2Br,4
Gryffin,Whole Heart - BKAYE Remix,0.507,0.693,9,-6.921,1,0.166,0.0701,1.17e-06,0.17,0.465,83.772,spotify:track:31MNOpsq7wfsrlIEV0vDrv,4
Gryffin,Whole Heart,0.501,0.648,9,-7.173,1,0.0696,0.028,1.26e-05,0.153,0.191,163.834,spotify:track:4Z1t1aMRif8ES212kTN8H2,4
Alan Walker,Faded,0.589,0.651,6,-5.097,1,0.0306,0.0291,3.2e-06,0.111,0.166,90.011,spotify:track:7gHs73wELdeycvS48JfIos,4
Zedd,Beautiful Now,0.628,0.833,11,-4.126,0,0.0282,0.0079,1.48e-05,0.074,0.56,128.003,spotify:track:2ISSQPb9LHHiV6ng2NXosL,4
Cash Cash,Take Me Home (feat. Bebe Rexha),0.571,0.903,7,-2.184,1,0.214,0.0615,1.23e-06,0.186,0.477,127.951,spotify:track:2zMXH5k5NZy1Nw460bLvRh,4
2 Friends Remixes,Mr. Brightside - Original,0.477,0.776,1,-5.933,1,0.0445,0.026,0.0,0.0914,0.445,148.081,spotify:track:5XRuR2wBLylhBAK6HMIS29,4
tobi lou,hot tub DREAM Machine,0.677,0.526,11,-8.245,1,0.0361,0.264,2.77e-06,0.113,0.467,140.082,spotify:track:1SWg0LGSxwbD3pyLfW0z5H,4
Dua Lipa,Levitating,0.695,0.883,6,-2.286,0,0.0778,0.0533,0.0,0.213,0.907,103.014,spotify:track:39LLxExYz6ewLAcYrzQQyP,4
88rising,La La Lost You,0.721,0.582,2,-8.251,1,0.0411,0.315,0.000559,0.065,0.487,100.083,spotify:track:5Htq8DDDN0Xce9MwqzAzui,4
Dabin,Holding On,0.491,0.675,5,-5.722,1,0.0368,0.0518,1.19e-05,0.111,0.23,144.98,spotify:track:71kkmlYkfgbrFNozWnquQi,4
Bazzi,Mine,0.71,0.789,4,-3.874,1,0.0722,0.0161,2.77e-06,0.451,0.717,142.929,spotify:track:7uzmGiiJyRfuViKKK3lVmR,4
Post Malone,Myself,0.476,0.701,0,-4.234,1,0.0349,0.102,0.0,0.242,0.405,163.882,spotify:track:2cvOfKHOHgwQlLiuLKP2xR,4
John K,OT,0.734,0.443,5,-6.466,1,0.0788,0.434,8.11e-05,0.107,0.617,79.485,spotify:track:1YuIEfhp8umr6QSal4FTK4,4
Lauv,Mean It - stripped,0.538,0.228,7,-10.837,1,0.0334,0.746,0.0,0.126,0.517,90.912,spotify:track:27as7exfxU3cNaYKr3HlHI,4
Loud Luxury,I'm Not Alright - Frank Walker Remix,0.741,0.869,1,-3.557,0,0.0366,0.0176,0.0,0.137,0.686,124.99,spotify:track:7ojmU04SuSKtIjzODRFIiB,4
